{
  "data": {
    "node": {
      "statusCheckRollup": {
        "nodes": [
          {
            "commit": {
              "oid": "abc",
              "statusCheckRollup": {
                "contexts": {
                  "nodes": [
                    {
                      "conclusion": "SUCCESS",
                      "status": "COMPLETED",
                      "name": "cool tests",
                      "completedAt": "2020-08-27T19:00:12Z",
                      "startedAt": "2020-08-27T18:58:46Z",
                      "detailsUrl": "sweet link"
                    },
                    {
                      "conclusion": "FAILURE",
                      "status": "COMPLETED",
                      "name": "sad tests",
                      "completedAt": "2020-08-27T19:00:12Z",
                      "startedAt": "2020-08-27T18:58:46Z",
                      "detailsUrl": "sweet link"
                    },
                    {
                      "conclusion": "",
                      "status": "IN_PROGRESS",
                      "name": "slow tests",
                      "completedAt": "2020-08-27T19:00:12Z",
                      "startedAt": "2020-08-27T18:58:46Z",
                      "detailsUrl": "sweet link"
                    }
                  ]
                }
              }
            }
          }
        ]
      }
    }
  }
}
